observer_id;observer_x;observer_y;observer_z;raw_L_R;raw_L_G;raw_L_B;normalized_L_R;normalized_L_G;normalized_L_B
P01;-3.000000;0.000000;2.000000;0.331588;0.298429;0.265270;1.000000;0.900000;0.800000
P02;-1.500000;2.000000;2.500000;0.305597;0.275037;0.244477;0.921617;0.829455;0.737294
P03;0.000000;3.000000;3.000000;0.305595;0.275035;0.244476;0.921611;0.829450;0.737289
P04;1.500000;2.000000;2.500000;0.305595;0.275035;0.244476;0.921611;0.829450;0.737289
P05;3.000000;0.000000;2.000000;0.305595;0.275035;0.244476;0.921611;0.829450;0.737289
