observer;observer_x;observer_y;observer_z;virtual_observer_x;virtual_observer_y;virtual_observer_z;view_dir_x;view_dir_y;view_dir_z;reflected_dir_x;reflected_dir_y;reflected_dir_z;L_r;L_g;L_b
P01;-2.000000;1.000000;5.000000;-2.000000;1.000000;-5.000000;-0.365148;0.182574;0.912871;-0.365148;0.182574;0.912871;33.313703;23.329938;17.225874
P02;-1.500000;1.000000;5.000000;-1.500000;1.000000;-5.000000;-0.282216;0.188144;0.940721;-0.365148;0.182574;0.912871;0.000000;0.000000;0.000000
P03;-2.000000;2.000000;5.000000;-2.000000;2.000000;-5.000000;-0.348155;0.348155;0.870388;-0.365148;0.182574;0.912871;0.000000;0.000000;0.000000
P04;0.000000;0.000000;5.000000;0.000000;0.000000;-5.000000;0.000000;0.000000;1.000000;-0.365148;0.182574;0.912871;0.000000;0.000000;0.000000
P05;-4.000000;2.000000;10.000000;-4.000000;2.000000;-10.000000;-0.365148;0.182574;0.912871;-0.365148;0.182574;0.912871;33.313703;23.329938;17.225874
