point_x;point_y;point_z;normal_x;normal_y;normal_z;diffuse_R;diffuse_G;diffuse_B;specular_R;specular_G;specular_B;kd;ks;shininess
0.000000;0.000000;0.000000;0.000000;0.000000;1.000000;0.700000;0.700000;0.700000;1.000000;1.000000;1.000000;0.600000;0.800000;16.000000
