observer;x;y;z
P01;-2.000000;1.000000;5.000000
P02;-1.500000;1.000000;5.000000
P03;-2.000000;2.000000;5.000000
P04;0.000000;0.000000;5.000000
P05;-4.000000;2.000000;10.000000
