parameter;x_or_r;y_or_g;z_or_b
I01(RGB);1400.000000;1100.000000;900.000000
O1;-2.000000;1.000000;-5.000000
P_L;2.000000;-1.000000;5.000000
