observer_id;observer_x;observer_y;observer_z
P01;-3.000000;0.000000;2.000000
P02;-1.500000;2.000000;2.500000
P03;0.000000;3.000000;3.000000
P04;1.500000;2.000000;2.500000
P05;3.000000;0.000000;2.000000
